Date,BRK-B,IEMG,SMH,SPY,SPYG,VTI
2016-01-31,129.77,28.2133,22.647,162.9127,21.1354,82.7003
2016-02-29,134.17,27.9413,22.9704,162.7781,20.9753,82.6919
2016-03-31,141.88,31.4472,25.0884,173.7276,22.4482,88.5712
2016-04-30,145.48,31.6587,23.895,174.4122,22.0977,89.1543
2016-05-31,140.54,30.5783,25.9174,177.3793,22.6916,90.7006
2016-06-30,144.79,31.9059,25.9675,177.9958,22.6204,90.9486
2016-07-31,144.27,33.5302,28.9237,184.4875,23.6583,94.5641
2016-08-31,150.49,33.8657,30.158,184.7085,23.5956,94.7594
2016-09-30,144.47,34.7808,31.6429,184.7192,23.6757,94.948
2016-10-31,144.3,34.4224,31.0964,181.5168,23.1695,92.8671
2016-11-30,157.44,32.9964,32.3672,188.2035,23.4642,97.0375
2016-12-31,162.98,32.8225,32.8942,192.0188,23.8095,98.9653
