Date,rf
2016-01-31,0.00025000000993410747
2016-02-29,0.0002566666652758916
2016-03-31,0.00016083333641290666
2016-04-30,0.00016083333641290666
2016-05-31,0.00023583332697550455
2016-06-30,0.00020666666328907014
2016-07-31,0.00019999999552965163
2016-08-31,0.0002666666607062022
2016-09-30,0.0002166666587193807
2016-10-31,0.00024583332240581514
2016-11-30,0.0003899999956289927
2016-12-31,0.00039999999105930326
2017-01-31,0.0004166666666666667
2017-02-28,0.0004358333349227905
2017-03-31,0.0006149999797344208
2017-04-30,0.0006499999761581421
2017-05-31,0.0007916666567325592
2017-06-30,0.0008274999757607778
2017-07-31,0.0008774999777475993
2017-08-31,0.0008149999876817068
2017-09-30,0.0008566666642824809
2017-10-31,0.0009358333547910056
2017-11-30,0.0010316666960716247
2017-12-31,0.0011291666825612387
2018-01-31,0.0011916666229565937
2018-02-28,0.0013483333587646484
2018-03-31,0.0013916666309038799
2018-04-30,0.00146916667620341
2018-05-31,0.0015583333373069763
2018-06-30,0.0015666666626930235
2018-07-31,0.0016541666785875955
2018-08-31,0.0017125000556310018
2018-09-30,0.0017916667461395262
2018-10-31,0.0018983334302902222
2018-11-30,0.001923333406448364
2018-12-31,0.001916666626930237
2019-01-31,0.0019499999284744265
2019-02-28,0.001985833247502645
2019-03-31,0.001940000057220459
2019-04-30,0.0019733333587646485
2019-05-31,0.0019108333190282186
2019-06-30,0.001695833404858907
2019-07-31,0.0016916666428248087
2019-08-31,0.0016108333071072898
2019-09-30,0.0014749999841054278
2019-10-31,0.0012483333547910055
2019-11-30,0.0012833333015441894
2019-12-31,0.0012541666626930236
2020-01-31,0.0012583333253860473
2020-02-29,0.001025000015894572
2020-03-31,2.4999999441206454e-05
2020-04-30,7.500000298023224e-05
2020-05-31,0.00010666667173306148
2020-06-30,0.00011250000447034836
2020-07-31,6.916666403412819e-05
2020-08-31,7.916666567325592e-05
2020-09-30,7.083333407839139e-05
2020-10-31,6.916666403412819e-05
2020-11-30,6.250000248352687e-05
2020-12-31,5.416666467984518e-05
2021-01-31,4.000000034769376e-05
2021-02-28,2.916666679084301e-05
2021-03-31,1.0833333556850751e-05
2021-04-30,2.50000002173086e-06
2021-05-31,6.6666669833163425e-06
2021-06-30,3.3333332588275274e-05
2021-07-31,3.3333332588275274e-05
2021-08-31,3.3333332588275274e-05
2021-09-30,2.3333334053556123e-05
2021-10-31,4.000000034769376e-05
2021-11-30,4.000000034769376e-05
2021-12-31,2.7499999850988386e-05
2022-01-31,0.00014416666080554327
2022-02-28,0.00023999998966852822
2022-03-31,0.0004108333339293798
2022-04-30,0.0006733333567778269
2022-05-31,0.0008583333094914755
2022-06-30,0.0013333333532015484
2022-07-31,0.0019150000810623168
2022-08-31,0.0023833332459131874
2022-09-30,0.0026500000556310016
2022-10-31,0.00331249992052714
2022-11-30,0.0035441664854685465
2022-12-31,0.003550000190734863
2023-01-31,0.003808333476384481
2023-02-28,0.003925000031789144
2023-03-31,0.003820833365122477
2023-04-30,0.004102499882380167
2023-05-31,0.00437333345413208
2023-06-30,0.0042941665649414065
2023-07-31,0.00437333345413208
2023-08-31,0.004414999882380167
2023-09-30,0.004416666825612386
2023-10-31,0.004433333476384481
2023-11-30,0.004364999930063884
2023-12-31,0.004316666523615519
2024-01-31,0.004323333501815796
2024-02-29,0.004352500041325887
2024-03-31,0.004335833390553792
2024-04-30,0.0043708332379659015
2024-05-31,0.0043708332379659015
2024-06-30,0.004344166517257691
2024-07-31,0.00427916685740153
2024-08-31,0.004139999945958455
2024-09-30,0.00374833345413208
2024-10-31,0.0036933334668477376
2024-11-30,0.0036441667874654135
2024-12-31,0.0035066668192545573
2025-01-31,0.0034900001684824624
2025-02-28,0.0034941665331522623
2025-03-31,0.0034941665331522623
2025-04-30,0.0034916667143503823
2025-05-31,0.003526666561762492
2025-06-30,0.0034916667143503823
2025-07-31,0.00352916677792867
2025-08-31,0.003369166851043701
2025-09-30,0.0032041666905085245
2025-10-31,0.003098333279291789
2025-11-30,0.0030808333555857343
2025-12-31,0.002955833276112874
2026-01-31,0.0029766666889190674
2026-02-28,0.002981666723887126
2026-03-31,0.0029999999205271403
2026-04-30,0.0029875000317891435
2026-05-31,0.0029900000492731733
2026-06-30,0.0031100000937779745
2026-07-31,0.003068333268165588
2026-08-31,0.0031100000937779745
2026-09-30,0.0033583335081736245
