date,Portafolio,SPY,Activo
2016,0.17592480005226618,0.11997888582217331,0.055945914230092875
2017,0.3014857251286678,0.21705382989589883,0.08443189523276895
2018,-0.04775206453037384,-0.04569001873060352,-0.002062045799770318
2019,0.3145536954463013,0.31223863915015815,0.0023150562961431476
2020,0.2789080961046495,0.18331620734466103,0.09559188875998847
2021,0.2655600710708599,0.28728785060960615,-0.021727779538746272
2022,-0.21021912642881635,-0.18175367665431486,-0.028465449774501494
2023,0.3247297346079079,0.26175790333652493,0.06297183127138295
2024,0.2803408337337161,0.24886462945796972,0.03147620427574638
2025,0.27450475842438027,0.1771906377670267,0.09731412065735356
2026,0.2494035762434681,0.12709214550836578,0.12231143073510231
